{
  "hf": 749.9999999999999,
  "vf": 10,
  "os": 38400.0,
  "hOffset": 0.21749999999999997,
  "pl": 0.00029
}